shortname,type_constant,class_name,fullname,status,header_file,notes
5a22,_5A22,_5a22_device,Ricoh 5A22,working,cpu/_5a22/_5a22.h,
adsp21062,ADSP21062,adsp21062_device,Analog Devices ADSP21062 'SHARC',working,cpu/adsp21062/adsp21062.h,
am186em,AM186EM,am186em_device,AMD Am186EM,working,cpu/am186em/am186em.h,
am188em,AM188EM,am188em_device,AMD Am188EM,working,cpu/am188em/am188em.h,
am8753,AM8753,am8753_device,AMD Am8753,working,cpu/am8753/am8753.h,
am9517a,AM9517A,am9517a_device,AM9517A,working,cpu/am9517a/am9517a.h,
arm11,ARM11,arm11_cpu_device,ARM11,working,cpu/arm7/arm7.h,
arm1176jzf_s,ARM1176JZF_S,arm1176jzf_s_cpu_device,ARM1176JZF-S,working,cpu/arm7/arm7.h,
arm710a,ARM710A,arm710a_cpu_device,ARM710a,working,cpu/arm7/arm7.h,
arm710t,ARM710T,arm710t_cpu_device,ARM710T,working,cpu/arm7/arm7.h,
arm7500,ARM7500,arm7500_cpu_device,ARM7500,working,cpu/arm7/arm7.h,
arm7_be,ARM7_BE,arm7_be_cpu_device,ARM7 (big),working,cpu/arm7/arm7.h,
arm7_le,ARM7,arm7_cpu_device,ARM7 (little),working,cpu/arm7/arm7.h,
arm9,ARM9,arm9_cpu_device,ARM9,working,cpu/arm7/arm7.h,
arm920t,ARM920T,arm920t_cpu_device,ARM920T,working,cpu/arm7/arm7.h,
arm946es,ARM946ES,arm946es_cpu_device,ARM946ES,working,cpu/arm7/arm7.h,
arm_cpu,ARM,arm_cpu_device,ARM,working,cpu/arm/arm.h,
at89c52,AT89C52,at89c52_device,Atmel AT89C52,working,cpu/at89c52/at89c52.h,
at89s52,AT89S52,at89s52_device,Atmel AT89S52,working,cpu/at89s52/at89s52.h,
athlonxp,ATHLONXP,athlonxp_device,Amd Athlon XP,working,cpu/i386/athlon.h,
cdp1801,CDP1801,cdp1801_device,RCA CDP1801,working,cpu/cdp1801/cdp1801.h,
cdp1802,CDP1802,cdp1802_device,RCA CDP1802,working,cpu/cdp1802/cdp1802.h,
cdp1804,CDP1804,cdp1804_device,RCA CDP1804,working,cpu/cdp1804/cdp1804.h,
cdp1805,CDP1805,cdp1805_device,RCA CDP1805,working,cpu/cdp1805/cdp1805.h,
cdp1806,CDP1806,cdp1806_device,RCA CDP1806,working,cpu/cdp1806/cdp1806.h,
cxd8530aq,CXD8530AQ,cxd8530aq_device,Sony CXD8530AQ,working,cpu/cxd8530aq/cxd8530aq.h,
cxd8530bq,CXD8530BQ,cxd8530bq_device,Sony CXD8530BQ,working,cpu/cxd8530bq/cxd8530bq.h,
cxd8530cq,CXD8530CQ,cxd8530cq_device,Sony CXD8530CQ,working,cpu/cxd8530cq/cxd8530cq.h,
cxd8606bq,CXD8606BQ,cxd8606bq_device,Sony CXD8606BQ,working,cpu/cxd8606bq/cxd8606bq.h,
cxd8606cq,CXD8606CQ,cxd8606cq_device,Sony CXD8606CQ,working,cpu/cxd8606cq/cxd8606cq.h,
cxd8661r,CXD8661R,cxd8661r_device,Sony CXD8661R,working,cpu/cxd8661r/cxd8661r.h,
deco16,DECO16,deco16_device,Data East DECO16,working,cpu/deco16/deco16.h,
ds5002fp,DS5002FP,ds5002fp_device,Dallas DS5002FP,working,cpu/ds5002fp/ds5002fp.h,
ds80c320,DS80C320,ds80c320_device,Dallas DS80C320 HSM,working,cpu/ds80c320/ds80c320.h,
dsp32c,DSP32C,dsp32c_device,AT&T DSP32C,working,cpu/dsp32c/dsp32c.h,
dsp56000,DSP56000,dsp56000_device,Motorola DSP56000,working,cpu/dsp56000/dsp56000.h,
dsp56001,DSP56001,dsp56001_device,Motorola DSP56001,working,cpu/dsp56001/dsp56001.h,
dsp56303,DSP56303,dsp56303_device,Motorola DSP56303,working,cpu/dsp56303/dsp56303.h,
eisa_dma,EISA_DMA,eisa_dma_device,EISA DMA,working,cpu/eisa_dma/eisa_dma.h,
g65sc02,G65SC02,g65sc02_device,GTE G65SC02,working,cpu/m6502/g65sc02.h,
g65sc102,G65SC102,g65sc102_device,GTE G65SC102,working,cpu/m6502/g65sc02.h,
g65sc112,G65SC112,g65sc112_device,GTE G65SC112,working,cpu/m6502/g65sc02.h,
g65sc12,G65SC12,g65sc12_device,GTE G65SC12,working,cpu/m6502/g65sc02.h,
h6280,H6280,h6280_device,Hudson Soft HuC6280,working,cpu/h6280/h6280.h,
h83002,H83002,h83002_device,Hitachi H8/3002,working,cpu/h83002/h83002.h,
h83003,H83003,h83003_device,Hitachi H8/3003,working,cpu/h83003/h83003.h,
h83006,H83006,h83006_device,Hitachi H8/3006,working,cpu/h83006/h83006.h,
h83007,H83007,h83007_device,Hitachi H8/3007,working,cpu/h83007/h83007.h,
h83008,H83008,h83008_device,Hitachi H8/3008,working,cpu/h83008/h83008.h,
h83044,H83044,h83044_device,Hitachi H8/3044,working,cpu/h83044/h83044.h,
h83045,H83045,h83045_device,Hitachi H8/3045,working,cpu/h83045/h83045.h,
h83047,H83047,h83047_device,Hitachi H8/3047,working,cpu/h83047/h83047.h,
h83048,H83048,h83048_device,Hitachi H8/3048,working,cpu/h83048/h83048.h,
hd6120,HD6120,hd6120_device,Harris HD-6120,working,cpu/hd6120/hd6120.h,
hd6301v1,HD6301V1,hd6301v1_cpu_device,Hitachi HD6301V1,working,cpu/hd6301v1/hd6301v1.h,
hd6301x0,HD6301X0,hd6301x0_cpu_device,Hitachi HD6301X0,working,cpu/hd6301x0/hd6301x0.h,
hd6301y0,HD6301Y0,hd6301y0_cpu_device,Hitachi HD6301Y0,working,cpu/hd6301y0/hd6301y0.h,
hd6303r,HD6303R,hd6303r_cpu_device,Hitachi HD6303R,working,cpu/hd6303r/hd6303r.h,
hd6303x,HD6303X,hd6303x_cpu_device,Hitachi HD6303X,working,cpu/hd6303x/hd6303x.h,
hd6303y,HD6303Y,hd6303y_cpu_device,Hitachi HD6303Y,working,cpu/hd6303y/hd6303y.h,
hd6309,HD6309,hd6309_device,Hitachi HD6309,working,cpu/hd6309/hd6309.h,
hd6309e,HD6309E,hd6309e_device,Hitachi HD6309E,working,cpu/hd6309e/hd6309e.h,
hd63701v0,HD63701V0,hd63701v0_cpu_device,Hitachi HD63701V0,working,cpu/hd63701v0/hd63701v0.h,
hd63701x0,HD63701X0,hd63701x0_cpu_device,Hitachi HD63701X0,working,cpu/hd63701x0/hd63701x0.h,
hd63701y0,HD63701Y0,hd63701y0_cpu_device,Hitachi HD63701Y0,working,cpu/hd63701y0/hd63701y0.h,
hd64180rp,HD64180RP,hd64180rp_device,Hitachi HD64180RP,working,cpu/hd64180rp/hd64180rp.h,
hd6801v0,HD6801V0,hd6801v0_cpu_device,Hitachi HD6801V0,working,cpu/hd6801v0/hd6801v0.h,
i386,I386,i386_device,Intel I386,working,cpu/i386/i386.h,
i386sx,I386SX,i386sx_device,Intel I386SX,working,cpu/i386/i386.h,
i486,I486,i486_device,Intel I486,working,cpu/i386/i386.h,
i486dx4,I486DX4,i486dx4_device,Intel I486DX4,working,cpu/i386/i386.h,
i8008,I8008,i8008_device,Intel 8008,working,cpu/i386/i386.h,
i80186,I80186,i80186_cpu_device,Intel 80186,working,cpu/i386/i386.h,
i80188,I80188,i80188_cpu_device,Intel 80188,working,cpu/i386/i386.h,
i8021,I8021,i8021_device,Intel 8021,working,cpu/i386/i386.h,
i8022,I8022,i8022_device,Intel 8022,working,cpu/i386/i386.h,
i80286,I80286,i80286_cpu_device,Intel 80286,working,cpu/i386/i386.h,
i8031,I8031,i8031_device,Intel 8031,working,cpu/i386/i386.h,
i8032,I8032,i8032_device,Intel 8032,working,cpu/i386/i386.h,
i8035,I8035,i8035_device,Intel 8035,working,cpu/i386/i386.h,
i8039,I8039,i8039_device,Intel 8039,working,cpu/i386/i386.h,
i8040,I8040,i8040_device,Intel 8040,working,cpu/i386/i386.h,
i8041a,I8041A,i8041a_device,Intel 8041A,working,cpu/i386/i386.h,
i8041ah,I8041AH,i8041ah_device,Intel 8041AH,working,cpu/i386/i386.h,
i8042,I8042,i8042_device,Intel 8042,working,cpu/i386/i386.h,
i8042ah,I8042AH,i8042ah_device,Intel 8042AH,working,cpu/i386/i386.h,
i8048,I8048,i8048_device,Intel 8048,working,cpu/i386/i386.h,
i8049,I8049,i8049_device,Intel 8049,working,cpu/i386/i386.h,
i8050,I8050,i8050_device,Intel 8050,working,cpu/i386/i386.h,
i8051,I8051,i8051_device,Intel 8051,working,cpu/i386/i386.h,
i8052,I8052,i8052_device,Intel 8052,working,cpu/i386/i386.h,
i8080,I8080,i8080_cpu_device,Intel 8080,working,cpu/i386/i386.h,
i8080a,I8080A,i8080a_cpu_device,Intel 8080A,working,cpu/i386/i386.h,
i8085a,I8085A,i8085a_cpu_device,Intel 8085A,working,cpu/i386/i386.h,
i8086,I8086,i8086_cpu_device,Intel 8086,working,cpu/i386/i386.h,
i8088,I8088,i8088_cpu_device,Intel 8088,working,cpu/i386/i386.h,
i80960ka,I80960KA,i80960ka_device,Intel 80960KA,working,cpu/i386/i386.h,
i80960kb,I80960KB,i80960kb_device,Intel 80960KB,working,cpu/i386/i386.h,
i80c32,I80C32,i80c32_device,Intel 80C32,working,cpu/i386/i386.h,
i80c51gb,I80C51GB,i80c51gb_device,Intel 80C51GB,working,cpu/i386/i386.h,
i80c52,I80C52,i80c52_device,Intel 80C52,working,cpu/i386/i386.h,
i8344,I8344,i8344_device,Intel 8344AH RUPI-44,working,cpu/i386/i386.h,
i860xr,I860,i860_cpu_device,Intel i860XR,working,cpu/i386/i386.h,
i8648,I8648,i8648_device,Intel 8648,working,cpu/i386/i386.h,
i8741a,I8741A,i8741a_device,Intel 8741A,working,cpu/i386/i386.h,
i8741ah,I8741AH,i8741ah_device,Intel 8741AH,working,cpu/i386/i386.h,
i8742,I8742,i8742_device,Intel 8742,working,cpu/i386/i386.h,
i8742ah,I8742AH,i8742ah_device,Intel 8742AH,working,cpu/i386/i386.h,
i8744,I8744,i8744_device,Intel 8744H RUPI-44,working,cpu/i386/i386.h,
i8748,I8748,i8748_device,Intel 8748,working,cpu/i386/i386.h,
i8749,I8749,i8749_device,Intel 8749,working,cpu/i386/i386.h,
i8751,I8751,i8751_device,Intel 8751,working,cpu/i386/i386.h,
i8752,I8752,i8752_device,Intel 8752,working,cpu/i386/i386.h,
i87c51fa,I87C51FA,i87c51fa_device,Intel 87C51FA,working,cpu/i386/i386.h,
i87c52,I87C52,i87c52_device,Intel 87C52,working,cpu/i386/i386.h,
igs036,IGS036,igs036_cpu_device,IGS036,working,cpu/igs036/igs036.h,
ins8050,SCMP,scmp_device,National Semiconductor ISP-8A/500D SC/MP,working,cpu/scmp/scmp.h,
ins8060,INS8060,ins8060_device,National Semiconductor INS 8060 SC/MP II,working,cpu/ins8060/ins8060.h,
k1801vm1,K1801VM1,k1801vm1_device,K1801VM1,working,cpu/k1801vm1/k1801vm1.h,
k1801vm2,K1801VM2,k1801vm2_device,K1801VM2,working,cpu/k1801vm2/k1801vm2.h,
konami_cpu,KONAMI,konami_cpu_device,KONAMI CPU,working,cpu/konami/konami.h,
lsi11,LSI11,lsi11_device,DEC LSI-11,working,cpu/lsi11/lsi11.h,
m37450,M37450,m37450_device,Mitsubishi M37450,working,cpu/m37450/m37450.h,
m37702m2,M37702M2,m37702m2_device,Mitsubishi M37702M2,working,cpu/m37702m2/m37702m2.h,
m37702s1,M37702S1,m37702s1_device,Mitsubishi M37702S1,working,cpu/m37702s1/m37702s1.h,
m37710s4,M37710S4,m37710s4_device,Mitsubishi M37710S4,working,cpu/m37710s4/m37710s4.h,
m37720s1,M37720S1,m37720s1_device,Mitsubishi M37720S1,working,cpu/m37720s1/m37720s1.h,
m37730s2,M37730S2,m37730s2_device,Mitsubishi M37730S2,working,cpu/m37730s2/m37730s2.h,
m37732s4,M37732S4,m37732s4_device,Mitsubishi M37732S4,working,cpu/m37732s4/m37732s4.h,
m4510,M4510,m4510_device,CSG 4510,working,cpu/m4510/m4510.h,
m50740,M50740,m50740_device,Mitsubishi M50740,working,cpu/m50740/m50740.h,
m50741,M50741,m50741_device,Mitsubishi M50741,working,cpu/m50741/m50741.h,
m50753,M50753,m50753_device,Mitsubishi M50753,working,cpu/m50753/m50753.h,
m58715,M58715,m58715_device,Mitsubishi M58715,working,cpu/m58715/m58715.h,
m6502,M6502,m6502_device,MOS Technology 6502,working,cpu/m6502/m6502.h,
m6503,M6503,m6503_device,MOS Technology 6503,working,cpu/m6502/m6502.h,
m6504,M6504,m6504_device,MOS Technology 6504,working,cpu/m6502/m6502.h,
m6508,M6508,m6508_device,MOS Technology 6508,working,cpu/m6502/m6502.h,
m6509,M6509,m6509_device,MOS Technology 6509,working,cpu/m6502/m6502.h,
m6510,M6510,m6510_device,MOS Technology 6510,working,cpu/m6502/m6502.h,
m6510t,M6510T,m6510t_device,MOS Technology 6510T,working,cpu/m6502/m6502.h,
m6512,M6512,m6512_device,MOS Technology 6512,working,cpu/m6502/m6502.h,
m65ce02,M65CE02,m65ce02_device,CSG 65CE02,working,cpu/m65ce02/m65ce02.h,
m6800,M6800,m6800_cpu_device,Motorola MC6800,working,cpu/m68000/m68000.h,
m68000,M68000,m68000_device,Motorola MC68000,working,cpu/m68000/m68000.h,
m68008,M68008,m68008_device,Motorola MC68008,working,cpu/m68000/m68000.h,
m68008fn,M68008FN,m68008fn_device,Motorola MC68008FN,working,cpu/m68000/m68000.h,
m6801,M6801,m6801_cpu_device,Motorola MC6801,working,cpu/m68000/m68000.h,
m68010,M68010,m68010_device,Motorola MC68010,working,cpu/m68000/m68000.h,
m6801u4,M6801U4,m6801u4_cpu_device,Motorola MC6801U4,working,cpu/m68000/m68000.h,
m6802,M6802,m6802_cpu_device,Motorola MC6802,working,cpu/m68000/m68000.h,
m68020,M68020,m68020_device,Motorola MC68020,working,cpu/m68000/m68000.h,
m68020fpu,M68020FPU,m68020fpu_device,Motorola MC68020FPU,working,cpu/m68000/m68000.h,
m68020hmmu,M68020HMMU,m68020hmmu_device,Motorola MC68020HMMU,working,cpu/m68000/m68000.h,
m68020pmmu,M68020PMMU,m68020pmmu_device,Motorola MC68020PMMU,working,cpu/m68000/m68000.h,
m6803,M6803,m6803_cpu_device,Motorola MC6803,working,cpu/m68000/m68000.h,
m68030,M68030,m68030_device,Motorola MC68030,working,cpu/m68000/m68000.h,
m6803e,M6803E,m6803e_cpu_device,Motorola MC6803E,working,cpu/m68000/m68000.h,
m68040,M68040,m68040_device,Motorola MC68040,working,cpu/m68000/m68000.h,
m6808,M6808,m6808_cpu_device,Motorola MC6808,working,cpu/m68000/m68000.h,
m6809,M6809,m6809_device,MC6809 (legacy),working,cpu/m68000/m68000.h,
m68ec020,M68EC020,m68ec020_device,Motorola MC68EC020,working,cpu/m68ec020/m68ec020.h,
m68ec030,M68EC030,m68ec030_device,Motorola MC68EC030,working,cpu/m68ec030/m68ec030.h,
m68ec040,M68EC040,m68ec040_device,Motorola MC68EC040,working,cpu/m68ec040/m68ec040.h,
m68hc05eg,M68HC05EG,m68hc05eg_device,Motorola MC68HC05EG,working,cpu/m68hc05eg/m68hc05eg.h,
m68lc040,M68LC040,m68lc040_device,Motorola MC68LC040,working,cpu/m68lc040/m68lc040.h,
m7501,M7501,m7501_device,MOS Technology 7501,working,cpu/m7501/m7501.h,
m8502,M8502,m8502_device,MOS Technology 8502,working,cpu/m8502/m8502.h,
mb86233,MB86233,mb86233_device,Fujitsu MB86233 (TGP),working,cpu/mb86233/mb86233.h,
mb86234,MB86234,mb86234_device,Fujitsu MB86234 (TGP),working,cpu/mb86234/mb86234.h,
mb86235,MB86235,mb86235_device,Fujitsu MB86235 'TGPx4',working,cpu/mb86235/mb86235.h,
mb86930,MB86930,mb86930_device,Fujitsu MB86930 'SPARClite',working,cpu/mb86930/mb86930.h,
mb8884,MB8884,mb8884_device,Fujitsu MB8884,working,cpu/mb8884/mb8884.h,
mc6809,MC6809,mc6809_device,Motorola MC6809,working,cpu/mc6809/mc6809.h,
mc6809e,MC6809E,mc6809e_device,Motorola MC6809E,working,cpu/mc6809e/mc6809e.h,
mc68120,MC68120,mc68120_device,Motorola MC68120 IPC,working,cpu/mc68120/mc68120.h,
mc68121,MC68121,mc68121_device,Motorola MC68121 IPC,working,cpu/mc68121/mc68121.h,
mc68hc11a1,MC68HC11A1,mc68hc11a1_device,Motorola MC68HC11A1,working,cpu/mc68hc11a1/mc68hc11a1.h,
mc68hc11d0,MC68HC11D0,mc68hc11d0_device,Motorola MC68HC11D0,working,cpu/mc68hc11d0/mc68hc11d0.h,
mc68hc11e1,MC68HC11E1,mc68hc11e1_device,Motorola MC68HC11E1,working,cpu/mc68hc11e1/mc68hc11e1.h,
mc68hc11f1,MC68HC11F1,mc68hc11f1_device,Motorola MC68HC11F1,working,cpu/mc68hc11f1/mc68hc11f1.h,
mc68hc11k1,MC68HC11K1,mc68hc11k1_device,Motorola MC68HC11K1,working,cpu/mc68hc11k1/mc68hc11k1.h,
mc68hc11m0,MC68HC11M0,mc68hc11m0_device,Motorola MC68HC11M0,working,cpu/mc68hc11m0/mc68hc11m0.h,
mc68hc811e2,MC68HC811E2,mc68hc811e2_device,Motorola MC68HC811E2,working,cpu/mc68hc811e2/mc68hc811e2.h,
mc88100,MC88100,mc88100_device,Motorola MC88100,working,cpu/mc88100/mc88100.h,
mcf5206e,MCF5206E,mcf5206e_device,Freescale MCF5206E,working,cpu/mcf5206e/mcf5206e.h,
mediagx,MEDIAGX,mediagx_device,Cyrix MediaGX,working,cpu/mediagx/mediagx.h,
mn1880,MN1880,mn1880_device,Panasonic MN1880,working,cpu/mn1880/mn1880.h,
mn18801a,MN18801A,mn18801a_device,Panasonic MN18801A,working,cpu/mn18801a/mn18801a.h,
mpc8240,MPC8240,mpc8240_device,IBM PowerPC MPC8240,working,cpu/mpc8240/mpc8240.h,
nios2,NIOS2,nios2_device,Altera Nios II Processor,working,cpu/nios2/nios2.h,
ns32008,NS32008,ns32008_device,National Semiconductor NS32008,working,cpu/ns32008/ns32008.h,
ns32016,NS32016,ns32016_device,National Semiconductor NS32016,working,cpu/ns32016/ns32016.h,
ns32032,NS32032,ns32032_device,National Semiconductor NS32032,working,cpu/ns32032/ns32032.h,
ns32332,NS32332,ns32332_device,National Semiconductor NS32332,working,cpu/ns32332/ns32332.h,
ns32532,NS32532,ns32532_device,National Semiconductor NS32532,working,cpu/ns32532/ns32532.h,
nsc800,NSC800,nsc800_device,National Semiconductor NSC800,working,cpu/nsc800/nsc800.h,
nsc8105,NSC8105,nsc8105_cpu_device,NSC8105,working,cpu/nsc8105/nsc8105.h,
pcx_dmac,PCXPORT_DMAC,pcxport_dmac_device,PC Transporter DMAC,working,cpu/pcxport_dmac/pcxport_dmac.h,
pdp1_cpu,PDP1,pdp1_device,DEC PDP-1 Central Processor,working,cpu/pdp1/pdp1.h,
pdp8_cpu,PDP8,pdp8_device,DEC PDP8,working,cpu/pdp8/pdp8.h,
pentium,PENTIUM,pentium_device,Intel Pentium,working,cpu/i386/i386.h,
pentium2,PENTIUM2,pentium2_device,Intel Pentium II,working,cpu/i386/i386.h,
pentium3,PENTIUM3,pentium3_device,Intel Pentium III,working,cpu/i386/i386.h,
pentium4,PENTIUM4,pentium4_device,Intel Pentium 4,working,cpu/i386/i386.h,
pentium_mmx,PENTIUM_MMX,pentium_mmx_device,Intel Pentium MMX,working,cpu/i386/i386.h,
pentium_pro,PENTIUM_PRO,pentium_pro_device,Intel Pentium Pro,working,cpu/i386/i386.h,
ppc403ga,PPC403GA,ppc403ga_device,IBM PowerPC 403GA,working,cpu/powerpc/ppc.h,
ppc403gcx,PPC403GCX,ppc403gcx_device,IBM PowerPC 403GCX,working,cpu/powerpc/ppc.h,
ppc405gp,PPC405GP,ppc405gp_device,IBM PowerPC 405GP,working,cpu/powerpc/ppc.h,
ppc601,PPC601,ppc601_device,IBM PowerPC 601,working,cpu/powerpc/ppc.h,
ppc602,PPC602,ppc602_device,IBM PowerPC 602,working,cpu/powerpc/ppc.h,
ppc603,PPC603,ppc603_device,IBM PowerPC 603,working,cpu/powerpc/ppc.h,
ppc603e,PPC603E,ppc603e_device,IBM PowerPC 603E,working,cpu/powerpc/ppc.h,
ppc603r,PPC603R,ppc603r_device,IBM PowerPC 603R,working,cpu/powerpc/ppc.h,
ppc604,PPC604,ppc604_device,IBM PowerPC 604,working,cpu/powerpc/ppc.h,
ppc740,PPC740,ppc740_device,IBM PowerPC 740,working,cpu/powerpc/ppc.h,
ppc750,PPC750,ppc750_device,IBM PowerPC 750,working,cpu/powerpc/ppc.h,
pps4,PPS4,pps4_device,Rockwell PPS4-4,working,cpu/pps4/pps4.h,
pps4_2,PPS4_2,pps4_2_device,Rockwell PPS-4/2,working,cpu/pps4_2/pps4_2.h,
ps2gif,SONYPS2_GIF,ps2_gif_device,Playstation 2 GIF,working,cpu/ps2_gif/ps2_gif.h,
ps2vif1,SONYPS2_VIF1,ps2_vif1_device,PlayStation 2 VIF1,working,cpu/ps2_vif1/ps2_vif1.h,
pxa250,PXA250,pxa250_cpu_device,Intel XScale PXA250,working,cpu/pxa250/pxa250.h,
pxa255,PXA255,pxa255_cpu_device,Intel XScale PXA255,working,cpu/pxa255/pxa255.h,
pxa270,PXA270,pxa270_cpu_device,Intel XScale PXA270,working,cpu/pxa270/pxa270.h,
qed5271be,QED5271BE,qed5271be_device,MIPS QED5271 (big),working,cpu/qed5271be/qed5271be.h,
qed5271le,QED5271LE,qed5271le_device,MIPS QED5271 (little),working,cpu/qed5271le/qed5271le.h,
r2000,R2000,r2000_device,MIPS R2000,working,cpu/mips/mips1.h,
r2000a,R2000A,r2000a_device,MIPS R2000A,working,cpu/mips/mips1.h,
r3000,R3000,r3000_device,MIPS R3000,working,cpu/mips/mips1.h,
r3000a,R3000A,r3000a_device,MIPS R3000A,working,cpu/mips/mips1.h,
r3041,R3041,r3041_device,IDT R3041,working,cpu/mips/mips1.h,
r3051,R3051,r3051_device,IDT R3051,working,cpu/mips/mips1.h,
r3052,R3052,r3052_device,IDT R3052,working,cpu/mips/mips1.h,
r3052e,R3052E,r3052e_device,IDT R3052E,working,cpu/mips/mips1.h,
r3071,R3071,r3071_device,IDT R3071,working,cpu/mips/mips1.h,
r3081,R3081,r3081_device,IDT R3081,working,cpu/mips/mips1.h,
r4000be,R4000BE,r4000be_device,MIPS R4000 (big),working,cpu/mips/mips1.h,
r4000le,R4000LE,r4000le_device,MIPS R4000 (little),working,cpu/mips/mips1.h,
r4400be,R4400BE,r4400be_device,MIPS R4400 (big),working,cpu/mips/mips1.h,
r4400le,R4400LE,r4400le_device,MIPS R4400 (little),working,cpu/mips/mips1.h,
r4600be,R4600BE,r4600be_device,MIPS R4600 (big),working,cpu/mips/mips1.h,
r4600le,R4600LE,r4600le_device,MIPS R4600 (little),working,cpu/mips/mips1.h,
r4650be,R4650BE,r4650be_device,MIPS IDT R4650 (big),working,cpu/mips/mips1.h,
r4650le,R4650LE,r4650le_device,MIPS IDT R4650 (little),working,cpu/mips/mips1.h,
r4700be,R4700BE,r4700be_device,MIPS R4700 (big),working,cpu/mips/mips1.h,
r4700le,R4700LE,r4700le_device,MIPS R4700 (little),working,cpu/mips/mips1.h,
r5000be,R5000BE,r5000be_device,MIPS R5000 (big),working,cpu/mips/mips1.h,
r5000le,R5000LE,r5000le_device,MIPS R5000 (little),working,cpu/mips/mips1.h,
r5900be,R5900BE,r5900be_device,Emotion Engine Core (big),working,cpu/mips/mips1.h,
r5900le,R5900LE,r5900le_device,Emotion Engine Core (little),working,cpu/mips/mips1.h,
r65c02,R65C02,r65c02_device,Rockwell R65C02,working,cpu/m6502/r65c02.h,
r65c102,R65C102,r65c102_device,Rockwell R65C102,working,cpu/m6502/r65c02.h,
r65c112,R65C112,r65c112_device,Rockwell R65C112,working,cpu/m6502/r65c02.h,
rm7000be,RM7000BE,rm7000be_device,MIPS RM7000 (big),working,cpu/rm7000be/rm7000be.h,
rm7000le,RM7000LE,rm7000le_device,MIPS RM7000 (little),working,cpu/rm7000le/rm7000le.h,
rp2a03,RP2A03,rp2a03_device,Ricoh RP2A03,working,cpu/rp2a03/rp2a03.h,
rp2a03_core,RP2A03_CORE,rp2a03_core_device,Ricoh RP2A03 core,working,cpu/rp2a03_core/rp2a03_core.h,
rp2a03g,RP2A03G,rp2a03g_device,Ricoh RP2A03G,working,cpu/rp2a03g/rp2a03g.h,
rsp,RSP,rsp_device,Nintendo & SGI Reality Signal Processor RSP,working,cpu/rsp/rsp.h,
s2650,S2650,s2650_device,Signetics 2650,working,cpu/s2650/s2650.h,
sa1100,SA1100,sa1100_cpu_device,Intel StrongARM SA-1100,working,cpu/sa1100/sa1100.h,
sa1110,SA1110,sa1110_cpu_device,Intel StrongARM SA-1110,working,cpu/sa1110/sa1110.h,
saturn_cpu,SATURN,saturn_device,Hewlett-Packard Saturn,working,cpu/saturn/saturn.h,
sc61860,SC61860,sc61860_device,Sharp SC61860,working,cpu/sc61860/sc61860.h,
sh3,SH3,sh3_device,Hitachi SH-3 (Unidentified),working,cpu/sh3/sh3.h,
sh4,SH4,sh4_device,Hitachi SH-4 (Unidentified),working,cpu/sh4/sh4.h,
sh7091,SH7091,sh7091_device,Hitachi SH7091,working,cpu/sh7091/sh7091.h,
sh7708s,SH7708S,sh7708s_device,Hitachi SH7708S,working,cpu/sh7708s/sh7708s.h,
sh7709,SH7709,sh7709_device,Hitachi SH7709,working,cpu/sh7709/sh7709.h,
sh7709s,SH7709S,sh7709s_device,Hitachi SH7709S,working,cpu/sh7709s/sh7709s.h,
sh7750,SH7750,sh7750_device,Hitachi SH7750,working,cpu/sh7750/sh7750.h,
sh7750r,SH7750R,sh7750r_device,Hitachi SH7750R,working,cpu/sh7750r/sh7750r.h,
sh7750s,SH7750S,sh7750s_device,Hitachi SH7750S,working,cpu/sh7750s/sh7750s.h,
sh7751,SH7751,sh7751_device,Hitachi SH7751,working,cpu/sh7751/sh7751.h,
sh7751r,SH7751R,sh7751r_device,Hitachi SH7751R,working,cpu/sh7751r/sh7751r.h,
sonyiop,SONYPS2_IOP,iop_device,Sony Playstation 2 IOP,working,cpu/iop/iop.h,
sonyvu0,SONYPS2_VU0,sonyvu0_device,Sony PlayStation 2 VU0,working,cpu/sonyvu0/sonyvu0.h,
sonyvu1,SONYPS2_VU1,sonyvu1_device,Sony PlayStation 2 VU1,working,cpu/sonyvu1/sonyvu1.h,
sparcv7,SPARCV7,sparcv7_device,Sun SPARC v7,working,cpu/sparcv7/sparcv7.h,
sparcv8,SPARCV8,sparcv8_device,Sun SPARC v8,working,cpu/sparcv8/sparcv8.h,
spc700,SPC700,spc700_device,Sony SPC700,working,cpu/spc700/spc700.h,
st2202,ST2202,st2202_device,Sitronix ST2202 Integrated Microcontroller,working,cpu/st2202/st2202.h,
st2204,ST2204,st2204_device,Sitronix ST2204 Integrated Microcontroller,working,cpu/st2204/st2204.h,
st2205u,ST2205U,st2205u_device,Sitronix ST2205U Integrated Microcontroller,working,cpu/st2205u/st2205u.h,
st2302u,ST2302U,st2302u_device,Sitronix ST2302U Integrated Microcontroller,working,cpu/st2302u/st2302u.h,
t11,T11,t11_device,DEC T11,working,cpu/t11/t11.h,
tmp90840,TMP90840,tmp90840_device,Toshiba TMP90840,working,cpu/tmp90840/tmp90840.h,
tmp90841,TMP90841,tmp90841_device,Toshiba TMP90841,working,cpu/tmp90841/tmp90841.h,
tmp90845,TMP90845,tmp90845_device,Toshiba TMP90845,working,cpu/tmp90845/tmp90845.h,
tmp90ph44,TMP90PH44,tmp90ph44_device,Toshiba TMP90PH44,working,cpu/tmp90ph44/tmp90ph44.h,
tmp91640,TMP91640,tmp91640_device,Toshiba TMP91640,working,cpu/tmp91640/tmp91640.h,
tmp91641,TMP91641,tmp91641_device,Toshiba TMP91641,working,cpu/tmp91641/tmp91641.h,
tmp95c061,TMP95C061,tmp95c061_device,Toshiba TMP95C061,working,cpu/tmp95c061/tmp95c061.h,
tmp95c063,TMP95C063,tmp95c063_device,Toshiba TMP95C063,working,cpu/tmp95c063/tmp95c063.h,
tms32010,TMS32010,tms32010_device,Texas Instruments TMS32010,working,cpu/tms32010/tms32010.h,
tms32015,TMS32015,tms32015_device,Texas Instruments TMS32015,working,cpu/tms32015/tms32015.h,
tms32016,TMS32016,tms32016_device,Texas Instruments TMS32016,working,cpu/tms32016/tms32016.h,
tms32020,TMS32020,tms32020_device,Texas Instruments TMS32020,working,cpu/tms32020/tms32020.h,
tms32025,TMS32025,tms32025_device,Texas Instruments TMS32025,working,cpu/tms32025/tms32025.h,
tms32026,TMS32026,tms32026_device,Texas Instruments TMS32026,working,cpu/tms32026/tms32026.h,
tms32030,TMS32030,tms32030_device,Texas Instruments TMS320C30,working,cpu/tms32030/tms32030.h,
tms32031,TMS32031,tms32031_device,Texas Instruments TMS320C31,working,cpu/tms32031/tms32031.h,
tms32032,TMS32032,tms32032_device,Texas Instruments TMS320C32,working,cpu/tms32032/tms32032.h,
tms32033,TMS32033,tms32033_device,Texas Instruments TMS320VC33,working,cpu/tms32033/tms32033.h,
tms32051,TMS32051,tms32051_device,Texas Instruments TMS32051,working,cpu/tms32051/tms32051.h,
tms32053,TMS32053,tms32053_device,Texas Instruments TMS32053,working,cpu/tms32053/tms32053.h,
tms32082_mp,TMS32082_MP,tms32082_mp_device,Texas Instruments TMS32082 MP,working,cpu/tms32082_mp/tms32082_mp.h,
tms32082_pp,TMS32082_PP,tms32082_pp_device,Texas Instruments TMS32082 PP,working,cpu/tms32082_pp/tms32082_pp.h,
tms34010,TMS34010,tms34010_device,Texas Instruments TMS34010,working,cpu/tms34010/tms34010.h,
tms34020,TMS34020,tms34020_device,Texas Instruments TMS34020,working,cpu/tms34020/tms34020.h,
tms7000,TMS7000,tms7000_device,Texas Instruments TMS7000,working,cpu/tms7000/tms7000.h,
tms7001,TMS7001,tms7001_device,Texas Instruments TMS7001,working,cpu/tms7001/tms7001.h,
tms7002,TMS7002,tms7002_device,Texas Instruments TMS7002,working,cpu/tms7002/tms7002.h,
tms7020,TMS7020,tms7020_device,Texas Instruments TMS7020,working,cpu/tms7020/tms7020.h,
tms7020_exl,TMS7020_EXL,tms7020_exl_device,Texas Instruments TMS7020 (Exelvision),working,cpu/tms7020_exl/tms7020_exl.h,
tms7040,TMS7040,tms7040_device,Texas Instruments TMS7040,working,cpu/tms7040/tms7040.h,
tms7041,TMS7041,tms7041_device,Texas Instruments TMS7041,working,cpu/tms7041/tms7041.h,
tms7042,TMS7042,tms7042_device,Texas Instruments TMS7042,working,cpu/tms7042/tms7042.h,
tms70c00,TMS70C00,tms70c00_device,Texas Instruments TMS70C00,working,cpu/tms70c00/tms70c00.h,
tms70c20,TMS70C20,tms70c20_device,Texas Instruments TMS70C20,working,cpu/tms70c20/tms70c20.h,
tms70c40,TMS70C40,tms70c40_device,Texas Instruments TMS70C40,working,cpu/tms70c40/tms70c40.h,
tms70c46,TMS70C46,tms70c46_device,Texas Instruments TMS70C46,working,cpu/tms70c46/tms70c46.h,
tms9900,TMS9900,tms9900_device,Texas Instruments TMS9900,working,cpu/tms9900/tms9900.h,
tms9980a,TMS9980A,tms9980a_device,Texas Instruments TMS9980A,working,cpu/tms9980a/tms9980a.h,
tms9981,TMS9981,tms9981_device,Texas Instruments TMS9981,working,cpu/tms9981/tms9981.h,
tms9995,TMS9995,tms9995_device,Texas Instruments TMS9995,working,cpu/tms9995/tms9995.h,
tms9995_mp9537,TMS9995_MP9537,tms9995_mp9537_device,Texas Instruments TMS9995-MP9537,working,cpu/tms9995_mp9537/tms9995_mp9537.h,
tx0_64kw_cpu,TX0_64KW,tx0_64kw_device,MIT Lincoln Laboratory TX-0 64KW,working,cpu/tx0_64kw/tx0_64kw.h,
tx0_8kw_cpu,TX0_8KW,tx0_8kw_device,MIT Lincoln Laboratory TX-0 8KW (new),working,cpu/tx0_8kw/tx0_8kw.h,
tx0_8kwo_cpu,TX0_8KW_OLD,tx0_8kwo_device,MIT Lincoln Laboratory TX-0 8KW (old),working,cpu/tx0_8kwo/tx0_8kwo.h,
tx4925be,TX4925BE,tx4925be_device,Toshiba TX4925 (big),working,cpu/tx4925be/tx4925be.h,
tx4925le,TX4925LE,tx4925le_device,Toshiba TX4925 (little),working,cpu/tx4925le/tx4925le.h,
ub8830d,UB8830D,ub8830d_device,UB8830D,working,cpu/ub8830d/ub8830d.h,
unsp,UNSP,unsp_device,SunPlus u'nSP (ISA 1.0),working,cpu/unsp/unsp.h,
unsp_11,UNSP_11,unsp_11_device,SunPlus u'nSP (ISA 1.1),working,cpu/unsp_11/unsp_11.h,
unsp_12,UNSP_12,unsp_12_device,SunPlus u'nSP (ISA 1.2),working,cpu/unsp_12/unsp_12.h,
unsp_20,UNSP_20,unsp_20_device,SunPlus u'nSP (ISA 2.0),working,cpu/unsp_20/unsp_20.h,
upd7725,UPD7725,upd7725_device,NEC uPD7725,working,cpu/upd7725/upd7725.h,
upd7751,UPD7751,upd7751_device,NEC uPD7751,working,cpu/upd7751/upd7751.h,
upd7801,UPD7801,upd7801_device,NEC uPD7801,working,cpu/upd7801/upd7801.h,
upd7807,UPD7807,upd7807_device,NEC uPD7807,working,cpu/upd7807/upd7807.h,
upd7810,UPD7810,upd7810_device,NEC uPD7810,working,cpu/upd7810/upd7810.h,
upd7811,UPD7811,upd7811_device,NEC uPD7811,working,cpu/upd7811/upd7811.h,
upd78c05,UPD78C05,upd78c05_device,NEC uPD78C05,working,cpu/upd78c05/upd78c05.h,
upd78c06,UPD78C06,upd78c06_device,NEC uPD78C06,working,cpu/upd78c06/upd78c06.h,
upd78c10,UPD78C10,upd78c10_device,NEC uPD78C10,working,cpu/upd78c10/upd78c10.h,
upd78c11,UPD78C11,upd78c11_device,NEC uPD78C11,working,cpu/upd78c11/upd78c11.h,
upd78c14,UPD78C14,upd78c14_device,NEC uPD78C14,working,cpu/upd78c14/upd78c14.h,
upd96050,UPD96050,upd96050_device,NEC uPD96050,working,cpu/upd96050/upd96050.h,
v20,V20,v20_device,NEC V20,working,cpu/v20/v20.h,
v25,V25,v25_device,NEC V25,working,cpu/v25/v25.h,
v30,V30,v30_device,NEC V30,working,cpu/v30/v30.h,
v33,V33,v33_device,NEC V33,working,cpu/v33/v33.h,
v33a,V33A,v33a_device,NEC V33A,working,cpu/v33a/v33a.h,
v35,V35,v35_device,NEC V35,working,cpu/v35/v35.h,
v40,V40,v40_device,NEC V40,working,cpu/v40/v40.h,
v50,V50,v50_device,NEC V50,working,cpu/v50/v50.h,
v53,V53,v53_device,NEC V53,working,cpu/v53/v53.h,
v53a,V53A,v53a_device,NEC V53A,working,cpu/v53a/v53a.h,
v5x_dmau,V5X_DMAU,v5x_dmau_device,V5X DMAU,working,cpu/v5x_dmau/v5x_dmau.h,
v60,V60,v60_device,NEC V60,working,cpu/v60/v60.h,
v70,V70,v70_device,NEC V70,working,cpu/v70/v70.h,
v810,V810,v810_device,NEC V810,working,cpu/v810/v810.h,
vr4300be,VR4300BE,vr4300be_device,NEC VR4300 (big),working,cpu/vr4300be/vr4300be.h,
vr4300le,VR4300LE,vr4300le_device,NEC VR4300 (little),working,cpu/vr4300le/vr4300le.h,
vr4310be,VR4310BE,vr4310be_device,NEC VR4310 (big),working,cpu/vr4310be/vr4310be.h,
vr4310le,VR4310LE,vr4310le_device,NEC VR4310 (little),working,cpu/vr4310le/vr4310le.h,
vr5500be,VR5500BE,vr5500be_device,NEC VR5500 (big),working,cpu/vr5500be/vr5500be.h,
vr5500le,VR5500LE,vr5500le_device,NEC VR5500 (little),working,cpu/vr5500le/vr5500le.h,
w65c02,W65C02,w65c02_device,WDC W65C02,working,cpu/m6502/w65c02.h,
w65c02s,W65C02S,w65c02s_device,WDC W65C02S,working,cpu/m6502/w65c02.h,
w65c802,G65802,g65802_device,WDC W65C802,working,cpu/m6502/g65sc02.h,
w65c816,G65816,g65816_device,WDC W65C816,working,cpu/m6502/g65sc02.h,
we32100,WE32100,we32100_device,AT&T WE32100,working,cpu/we32100/we32100.h,
xavix,XAVIX,xavix_device,XaviX (SSD 97 / SSD 98),working,cpu/xavix/xavix.h,
xavix2,XAVIX2,xavix2_device,Xavix 2 CPU,working,cpu/xavix2/xavix2.h,
xavix2000,XAVIX2000,xavix2000_device,XaviX (SSD 2000),working,cpu/xavix2000/xavix2000.h,
xavix2002,XAVIX2002,xavix2002_device,XaviX (SSD 2002) (SuperXaviX),working,cpu/xavix2002/xavix2002.h,
z80,Z80,z80_device,Zilog Z80,working,cpu/z80/z80.h,
z8001,Z8001,z8001_device,Zilog Z8001,working,cpu/z80/z80.h,
z8002,Z8002,z8002_device,Zilog Z8002,working,cpu/z80/z80.h,
z80180,Z80180,z80180_device,Zilog Z80180,working,cpu/z80/z80.h,
z80182,Z80182,z80182_device,Zilog Z80182,working,cpu/z80/z80.h,
z8601,Z8601,z8601_device,Zilog Z8601,working,cpu/z8/z8.h,
z8611,Z8611,z8611_device,Zilog Z8611,working,cpu/z8/z8.h,
z8671,Z8671,z8671_device,Zilog Z8671,working,cpu/z8/z8.h,
z8681,Z8681,z8681_device,Zilog Z8681,working,cpu/z8/z8.h,
z8682,Z8682,z8682_device,Zilog Z8682,working,cpu/z8/z8.h,
z86e02,Z86E02,z86e02_device,Zilog Z86E02,working,cpu/z8/z8.h,
z8s180,Z8S180,z8s180_device,Zilog Z8S180,working,cpu/z8/z8.h,
